mobile,password
90000000100,1234567A!,u101
90000000101,1234567A!,u101
90000000102,1234567A!,u102
90000000103,1234567A!,u103
90000000104,1234567A!,u104
90000000105,1234567A!,u105
90000000106,1234567A!,u106
90000000107,1234567A!,u107
90000000108,1234567A!,u108
90000000109,1234567A!,u109
90000000110,1234567A!,u110
90000000111,1234567A!,u111
90000000112,1234567A!,u112
90000000113,1234567A!,u113
90000000114,1234567A!,u114
90000000115,1234567A!,u115
90000000116,1234567A!,u116
90000000117,1234567A!,u117
90000000118,1234567A!,u118
90000000119,1234567A!,u119
90000000120,1234567A!,u120
90000000121,1234567A!,u121
90000000122,1234567A!,u122
90000000123,1234567A!,u123
90000000124,1234567A!,u124
90000000125,1234567A!,u125
90000000126,1234567A!,u126
90000000127,1234567A!,u127
90000000128,1234567A!,u128
90000000129,1234567A!,u129
90000000130,1234567A!,u130
90000000131,1234567A!,u131
90000000132,1234567A!,u132
90000000133,1234567A!,u133
90000000134,1234567A!,u134
90000000135,1234567A!,u135
90000000136,1234567A!,u136
90000000137,1234567A!,u137
90000000138,1234567A!,u138
90000000139,1234567A!,u139
90000000140,1234567A!,u140
90000000141,1234567A!,u141
90000000142,1234567A!,u142
90000000143,1234567A!,u143
90000000144,1234567A!,u144
90000000145,1234567A!,u145
90000000146,1234567A!,u146
90000000147,1234567A!,u147
90000000148,1234567A!,u148
90000000149,1234567A!,u149
90000000150,1234567A!,u150
90000000151,1234567A!,u151
90000000152,1234567A!,u152
90000000153,1234567A!,u153
90000000154,1234567A!,u154
90000000155,1234567A!,u155
90000000156,1234567A!,u156
90000000157,1234567A!,u157
90000000158,1234567A!,u158
90000000159,1234567A!,u159
90000000160,1234567A!,u160
90000000161,1234567A!,u161
90000000162,1234567A!,u162
90000000163,1234567A!,u163
90000000164,1234567A!,u164
90000000165,1234567A!,u165
90000000166,1234567A!,u166
90000000167,1234567A!,u167
90000000168,1234567A!,u168
90000000169,1234567A!,u169
90000000170,1234567A!,u170
90000000171,1234567A!,u171
90000000172,1234567A!,u172
90000000173,1234567A!,u173
90000000174,1234567A!,u174
90000000175,1234567A!,u175
90000000176,1234567A!,u176
90000000177,1234567A!,u177
90000000178,1234567A!,u178
90000000179,1234567A!,u179
90000000180,1234567A!,u180
90000000181,1234567A!,u181
90000000182,1234567A!,u182
90000000183,1234567A!,u183
90000000184,1234567A!,u184
90000000185,1234567A!,u185
90000000186,1234567A!,u186
90000000187,1234567A!,u187
90000000188,1234567A!,u188
90000000189,1234567A!,u189
90000000190,1234567A!,u190
90000000191,1234567A!,u191
90000000192,1234567A!,u192
90000000193,1234567A!,u193
90000000194,1234567A!,u194
90000000195,1234567A!,u195
90000000196,1234567A!,u196
90000000197,1234567A!,u197
90000000198,1234567A!,u198
90000000199,1234567A!,u199
90000000200,1234567A!,u200
90000000201,1234567A!,u201
90000000202,1234567A!,u202
90000000203,1234567A!,u203
90000000204,1234567A!,u204
90000000205,1234567A!,u205
90000000206,1234567A!,u206
90000000207,1234567A!,u207
90000000208,1234567A!,u208
90000000209,1234567A!,u209
90000000210,1234567A!,u210
90000000211,1234567A!,u211
90000000212,1234567A!,u212
90000000213,1234567A!,u213
90000000214,1234567A!,u214
90000000215,1234567A!,u215
90000000216,1234567A!,u216
90000000217,1234567A!,u217
90000000218,1234567A!,u218
90000000219,1234567A!,u219
90000000220,1234567A!,u220
90000000221,1234567A!,u221
90000000222,1234567A!,u222
90000000223,1234567A!,u223
90000000224,1234567A!,u224
90000000225,1234567A!,u225
90000000226,1234567A!,u226
90000000227,1234567A!,u227
90000000228,1234567A!,u228
90000000229,1234567A!,u229
90000000230,1234567A!,u230
90000000231,1234567A!,u231
90000000232,1234567A!,u232
90000000233,1234567A!,u233
90000000234,1234567A!,u234
90000000235,1234567A!,u235
90000000236,1234567A!,u236
90000000237,1234567A!,u237
90000000238,1234567A!,u238
90000000239,1234567A!,u239
90000000240,1234567A!,u240
90000000241,1234567A!,u241
90000000242,1234567A!,u242
90000000243,1234567A!,u243
90000000244,1234567A!,u244
90000000245,1234567A!,u245
90000000246,1234567A!,u246
90000000247,1234567A!,u247
90000000248,1234567A!,u248
90000000249,1234567A!,u249
90000000250,1234567A!,u250
90000000251,1234567A!,u251
90000000252,1234567A!,u252
90000000253,1234567A!,u253
90000000254,1234567A!,u254
90000000255,1234567A!,u255
90000000256,1234567A!,u256
90000000257,1234567A!,u257
90000000258,1234567A!,u258
90000000259,1234567A!,u259
90000000260,1234567A!,u260
90000000261,1234567A!,u261
90000000262,1234567A!,u262
90000000263,1234567A!,u263
90000000264,1234567A!,u264
90000000265,1234567A!,u265
90000000266,1234567A!,u266
90000000267,1234567A!,u267
90000000268,1234567A!,u268
90000000269,1234567A!,u269
90000000270,1234567A!,u270
90000000271,1234567A!,u271
90000000272,1234567A!,u272
90000000273,1234567A!,u273
90000000274,1234567A!,u274
90000000275,1234567A!,u275
90000000276,1234567A!,u276
90000000277,1234567A!,u277
90000000278,1234567A!,u278
90000000279,1234567A!,u279
90000000280,1234567A!,u280
90000000281,1234567A!,u281
90000000282,1234567A!,u282
90000000283,1234567A!,u283
90000000284,1234567A!,u284
90000000285,1234567A!,u285
90000000286,1234567A!,u286
90000000287,1234567A!,u287
90000000288,1234567A!,u288
90000000289,1234567A!,u289
90000000290,1234567A!,u290
90000000291,1234567A!,u291
90000000292,1234567A!,u292
90000000293,1234567A!,u293
90000000294,1234567A!,u294
90000000295,1234567A!,u295
90000000296,1234567A!,u296
90000000297,1234567A!,u297
90000000298,1234567A!,u298
90000000299,1234567A!,u299
90000000300,1234567A!,u300
90000000301,1234567A!,u301
90000000302,1234567A!,u302
90000000303,1234567A!,u303
90000000304,1234567A!,u304
90000000305,1234567A!,u305
90000000306,1234567A!,u306
90000000307,1234567A!,u307
90000000308,1234567A!,u308
90000000309,1234567A!,u309
90000000310,1234567A!,u310
90000000311,1234567A!,u311
90000000312,1234567A!,u312
90000000313,1234567A!,u313
90000000314,1234567A!,u314
90000000315,1234567A!,u315
90000000316,1234567A!,u316
90000000317,1234567A!,u317
90000000318,1234567A!,u318
90000000319,1234567A!,u319
90000000320,1234567A!,u320
90000000321,1234567A!,u321
90000000322,1234567A!,u322
90000000323,1234567A!,u323
90000000324,1234567A!,u324
90000000325,1234567A!,u325
90000000326,1234567A!,u326
90000000327,1234567A!,u327
90000000328,1234567A!,u328
90000000329,1234567A!,u329
90000000330,1234567A!,u330
90000000331,1234567A!,u331
90000000332,1234567A!,u332
90000000333,1234567A!,u333
90000000334,1234567A!,u334
90000000335,1234567A!,u335
90000000336,1234567A!,u336
90000000337,1234567A!,u337
90000000338,1234567A!,u338
90000000339,1234567A!,u339
90000000340,1234567A!,u340
90000000341,1234567A!,u341
90000000342,1234567A!,u342
90000000343,1234567A!,u343
90000000344,1234567A!,u344
90000000345,1234567A!,u345
90000000346,1234567A!,u346
90000000347,1234567A!,u347
90000000348,1234567A!,u348
90000000349,1234567A!,u349
90000000350,1234567A!,u350
90000000351,1234567A!,u351
90000000352,1234567A!,u352
90000000353,1234567A!,u353
90000000354,1234567A!,u354
90000000355,1234567A!,u355
90000000356,1234567A!,u356
90000000357,1234567A!,u357
90000000358,1234567A!,u358
90000000359,1234567A!,u359
90000000360,1234567A!,u360
90000000361,1234567A!,u361
90000000362,1234567A!,u362
90000000363,1234567A!,u363
90000000364,1234567A!,u364
90000000365,1234567A!,u365
90000000366,1234567A!,u366
90000000367,1234567A!,u367
90000000368,1234567A!,u368
90000000369,1234567A!,u369
90000000370,1234567A!,u370
90000000371,1234567A!,u371
90000000372,1234567A!,u372
90000000373,1234567A!,u373
90000000374,1234567A!,u374
90000000375,1234567A!,u375
90000000376,1234567A!,u376
90000000377,1234567A!,u377
90000000378,1234567A!,u378
90000000379,1234567A!,u379
90000000380,1234567A!,u380
90000000381,1234567A!,u381
90000000382,1234567A!,u382
90000000383,1234567A!,u383
90000000384,1234567A!,u384
90000000385,1234567A!,u385
90000000386,1234567A!,u386
90000000387,1234567A!,u387
90000000388,1234567A!,u388
90000000389,1234567A!,u389
90000000390,1234567A!,u390
90000000391,1234567A!,u391
90000000392,1234567A!,u392
90000000393,1234567A!,u393
90000000394,1234567A!,u394
90000000395,1234567A!,u395
90000000396,1234567A!,u396
90000000397,1234567A!,u397
90000000398,1234567A!,u398
90000000399,1234567A!,u399
90000000400,1234567A!,u400
90000000401,1234567A!,u401
90000000402,1234567A!,u402
90000000403,1234567A!,u403
90000000404,1234567A!,u404
90000000405,1234567A!,u405
90000000406,1234567A!,u406
90000000407,1234567A!,u407
90000000408,1234567A!,u408
90000000409,1234567A!,u409
90000000410,1234567A!,u410
90000000411,1234567A!,u411
90000000412,1234567A!,u412
90000000413,1234567A!,u413
90000000414,1234567A!,u414
90000000415,1234567A!,u415
90000000416,1234567A!,u416
90000000417,1234567A!,u417
90000000418,1234567A!,u418
90000000419,1234567A!,u419
90000000420,1234567A!,u420
90000000421,1234567A!,u421
90000000422,1234567A!,u422
90000000423,1234567A!,u423
90000000424,1234567A!,u424
90000000425,1234567A!,u425
90000000426,1234567A!,u426
90000000427,1234567A!,u427
90000000428,1234567A!,u428
90000000429,1234567A!,u429
90000000430,1234567A!,u430
90000000431,1234567A!,u431
90000000432,1234567A!,u432
90000000433,1234567A!,u433
90000000434,1234567A!,u434
90000000435,1234567A!,u435
90000000436,1234567A!,u436
90000000437,1234567A!,u437
90000000438,1234567A!,u438
90000000439,1234567A!,u439
90000000440,1234567A!,u440
90000000441,1234567A!,u441
90000000442,1234567A!,u442
90000000443,1234567A!,u443
90000000444,1234567A!,u444
90000000445,1234567A!,u445
90000000446,1234567A!,u446
90000000447,1234567A!,u447
90000000448,1234567A!,u448
90000000449,1234567A!,u449
90000000450,1234567A!,u450
90000000451,1234567A!,u451
90000000452,1234567A!,u452
90000000453,1234567A!,u453
90000000454,1234567A!,u454
90000000455,1234567A!,u455
90000000456,1234567A!,u456
90000000457,1234567A!,u457
90000000458,1234567A!,u458
90000000459,1234567A!,u459
90000000460,1234567A!,u460
90000000461,1234567A!,u461
90000000462,1234567A!,u462
90000000463,1234567A!,u463
90000000464,1234567A!,u464
90000000465,1234567A!,u465
90000000466,1234567A!,u466
90000000467,1234567A!,u467
90000000468,1234567A!,u468
90000000469,1234567A!,u469
90000000470,1234567A!,u470
90000000471,1234567A!,u471
90000000472,1234567A!,u472
90000000473,1234567A!,u473
90000000474,1234567A!,u474
90000000475,1234567A!,u475
90000000476,1234567A!,u476
90000000477,1234567A!,u477
90000000478,1234567A!,u478
90000000479,1234567A!,u479
90000000480,1234567A!,u480
90000000481,1234567A!,u481
90000000482,1234567A!,u482
90000000483,1234567A!,u483
90000000484,1234567A!,u484
90000000485,1234567A!,u485
90000000486,1234567A!,u486
90000000487,1234567A!,u487
90000000488,1234567A!,u488
90000000489,1234567A!,u489
90000000490,1234567A!,u490
90000000491,1234567A!,u491
90000000492,1234567A!,u492
90000000493,1234567A!,u493
90000000494,1234567A!,u494
90000000495,1234567A!,u495
90000000496,1234567A!,u496
90000000497,1234567A!,u497
90000000498,1234567A!,u498
90000000499,1234567A!,u499
90000000500,1234567A!,u500
90000000501,1234567A!,u501
90000000502,1234567A!,u502
90000000503,1234567A!,u503
90000000504,1234567A!,u504
90000000505,1234567A!,u505
90000000506,1234567A!,u506
90000000507,1234567A!,u507
90000000508,1234567A!,u508
90000000509,1234567A!,u509
90000000510,1234567A!,u510
90000000511,1234567A!,u511
90000000512,1234567A!,u512
90000000513,1234567A!,u513
90000000514,1234567A!,u514
90000000515,1234567A!,u515
90000000516,1234567A!,u516
90000000517,1234567A!,u517
90000000518,1234567A!,u518
90000000519,1234567A!,u519
90000000520,1234567A!,u520
90000000521,1234567A!,u521
90000000522,1234567A!,u522
90000000523,1234567A!,u523
90000000524,1234567A!,u524
90000000525,1234567A!,u525
90000000526,1234567A!,u526
90000000527,1234567A!,u527
90000000528,1234567A!,u528
90000000529,1234567A!,u529
90000000530,1234567A!,u530
90000000531,1234567A!,u531
90000000532,1234567A!,u532
90000000533,1234567A!,u533
90000000534,1234567A!,u534
90000000535,1234567A!,u535
90000000536,1234567A!,u536
90000000537,1234567A!,u537
90000000538,1234567A!,u538
90000000539,1234567A!,u539
90000000540,1234567A!,u540
90000000541,1234567A!,u541
90000000542,1234567A!,u542
90000000543,1234567A!,u543
90000000544,1234567A!,u544
90000000545,1234567A!,u545
90000000546,1234567A!,u546
90000000547,1234567A!,u547
90000000548,1234567A!,u548
90000000549,1234567A!,u549
90000000550,1234567A!,u550
90000000551,1234567A!,u551
90000000552,1234567A!,u552
90000000553,1234567A!,u553
90000000554,1234567A!,u554
90000000555,1234567A!,u555
90000000556,1234567A!,u556
90000000557,1234567A!,u557
90000000558,1234567A!,u558
90000000559,1234567A!,u559
90000000560,1234567A!,u560
90000000561,1234567A!,u561
90000000562,1234567A!,u562
90000000563,1234567A!,u563
90000000564,1234567A!,u564
90000000565,1234567A!,u565
90000000566,1234567A!,u566
90000000567,1234567A!,u567
90000000568,1234567A!,u568
90000000569,1234567A!,u569
90000000570,1234567A!,u570
90000000571,1234567A!,u571
90000000572,1234567A!,u572
90000000573,1234567A!,u573
90000000574,1234567A!,u574
90000000575,1234567A!,u575
90000000576,1234567A!,u576
90000000577,1234567A!,u577
90000000578,1234567A!,u578
90000000579,1234567A!,u579
90000000580,1234567A!,u580
90000000581,1234567A!,u581
90000000582,1234567A!,u582
90000000583,1234567A!,u583
90000000584,1234567A!,u584
90000000585,1234567A!,u585
90000000586,1234567A!,u586
90000000587,1234567A!,u587
90000000588,1234567A!,u588
90000000589,1234567A!,u589
90000000590,1234567A!,u590
90000000591,1234567A!,u591
90000000592,1234567A!,u592
90000000593,1234567A!,u593
90000000594,1234567A!,u594
90000000595,1234567A!,u595
90000000596,1234567A!,u596
90000000597,1234567A!,u597
90000000598,1234567A!,u598
90000000599,1234567A!,u599
