productId,dealerId
0802a28c-3d7d-45f0-9c64-ab55158a0651,NBJR40
0802a28c-3d7d-45f0-9c64-ab55158a0651,NBJR40
0802a28c-3d7d-45f0-9c64-ab55158a0651,NBJR40
0802a28c-3d7d-45f0-9c64-ab55158a0651,NBJR40
0802a28c-3d7d-45f0-9c64-ab55158a0651,NBJR40
0802a28c-3d7d-45f0-9c64-ab55158a0651,NBJR40
0802a28c-3d7d-45f0-9c64-ab55158a0651,NBJR40
0802a28c-3d7d-45f0-9c64-ab55158a0651,NBJR40
0802a28c-3d7d-45f0-9c64-ab55158a0651,NBJR40
0802a28c-3d7d-45f0-9c64-ab55158a0651,NBJR40
0802a28c-3d7d-45f0-9c64-ab55158a0651,NBJR40
0802a28c-3d7d-45f0-9c64-ab55158a0651,NBJR40
0802a28c-3d7d-45f0-9c64-ab55158a0651,NBJR40
0802a28c-3d7d-45f0-9c64-ab55158a0651,NBJR40
0802a28c-3d7d-45f0-9c64-ab55158a0651,NBJR40
0802a28c-3d7d-45f0-9c64-ab55158a0651,NBJR40
0802a28c-3d7d-45f0-9c64-ab55158a0651,NBJR40
0802a28c-3d7d-45f0-9c64-ab55158a0651,NBJR40
0802a28c-3d7d-45f0-9c64-ab55158a0651,NBJR40
0802a28c-3d7d-45f0-9c64-ab55158a0651,NBJR40
0802a28c-3d7d-45f0-9c64-ab55158a0651,NBJR40
0802a28c-3d7d-45f0-9c64-ab55158a0651,NBJR40
0802a28c-3d7d-45f0-9c64-ab55158a0651,NBJR40
0802a28c-3d7d-45f0-9c64-ab55158a0651,NBJR40
0802a28c-3d7d-45f0-9c64-ab55158a0651,NBJR40
0802a28c-3d7d-45f0-9c64-ab55158a0651,NBJR40
0802a28c-3d7d-45f0-9c64-ab55158a0651,NBJR40
0802a28c-3d7d-45f0-9c64-ab55158a0651,NBJR40
0802a28c-3d7d-45f0-9c64-ab55158a0651,NBJR40
0802a28c-3d7d-45f0-9c64-ab55158a0651,NBJR40
0802a28c-3d7d-45f0-9c64-ab55158a0651,NBJR40
0802a28c-3d7d-45f0-9c64-ab55158a0651,NBJR40
0802a28c-3d7d-45f0-9c64-ab55158a0651,NBJR40
0802a28c-3d7d-45f0-9c64-ab55158a0651,NBJR40
0802a28c-3d7d-45f0-9c64-ab55158a0651,NBJR40
0802a28c-3d7d-45f0-9c64-ab55158a0651,NBJR40
0802a28c-3d7d-45f0-9c64-ab55158a0651,NBJR40
0802a28c-3d7d-45f0-9c64-ab55158a0651,NBJR40
0802a28c-3d7d-45f0-9c64-ab55158a0651,NBJR40
